Date,Product,Region,Customer_Type,Quantity,Price,Discount,Revenue
2024-03-29,Chair,East,Commercial,6,1848.84,0.21,8763.5
2024-03-10,Bed,East,Residential,3,106.82,0.12,282.0
2024-11-29,Bed,West,Residential,9,428.23,0.22,3006.17
2024-10-04,Chair,East,Commercial,2,378.95,0.29,538.11
2024-08-22,Bed,West,Commercial,6,1549.04,0.1,8364.82
2024-09-25,Bed,South,Residential,7,1151.44,0.16,6770.47
2024-06-27,Sofa,West,Commercial,6,1004.08,0.21,4759.34
2024-10-19,Bed,East,Residential,10,1926.6,0.13,16761.42
2024-02-18,Chair,East,Residential,7,1835.85,0.21,10152.25
2024-05-23,Table,North,Residential,6,598.25,0.23,2763.92
2024-12-31,Bed,West,Residential,6,793.12,0.09,4330.44
2024-03-15,Bed,West,Commercial,6,1806.13,0.1,9753.1
2024-02-03,Chair,South,Commercial,1,1971.93,0.27,1439.51
2024-05-22,Table,East,Residential,7,407.43,0.14,2452.73
2024-04-25,Table,South,Residential,4,108.16,0.13,376.4
2024-04-08,Sofa,North,Commercial,8,644.08,0.18,4225.16
2024-09-30,Sofa,North,Commercial,2,519.9,0.04,998.21
2024-10-31,Sofa,East,Commercial,6,1327.4,0.05,7566.18
2024-06-04,Sofa,East,Residential,9,169.7,0.12,1344.02
2024-02-16,Bed,West,Commercial,4,1267.95,0.1,4564.62
2024-08-11,Table,West,Commercial,8,1374.45,0.16,9236.3
2024-02-14,Table,North,Residential,3,1584.72,0.26,3518.08
2024-08-04,Bed,West,Commercial,2,1230.97,0.05,2338.84
2024-11-10,Sofa,West,Residential,9,113.76,0.27,747.4
2024-06-21,Sofa,East,Residential,6,1360.72,0.19,6613.1
2024-01-28,Sofa,East,Residential,5,682.59,0.22,2662.1
2024-03-11,Sofa,East,Commercial,4,407.01,0.28,1172.19
2024-01-06,Bed,North,Residential,5,486.0,0.02,2381.4
2024-09-05,Table,East,Commercial,10,349.01,0.12,3071.29
2024-01-23,Sofa,West,Commercial,6,1447.53,0.02,8511.48
2024-08-11,Chair,North,Commercial,3,1511.14,0.13,3944.08
2024-07-24,Table,North,Residential,10,1829.22,0.1,16462.98
2024-01-28,Sofa,West,Commercial,1,1199.39,0.19,971.51
2024-05-25,Chair,North,Commercial,10,1621.54,0.05,15404.63
2024-12-25,Chair,North,Residential,9,1297.21,0.03,11324.64
2024-10-08,Chair,East,Residential,8,1535.75,0.13,10688.82
2024-02-26,Bed,South,Residential,3,688.78,0.19,1673.74
2024-02-13,Table,West,Residential,1,1483.92,0.16,1246.49
2024-11-21,Bed,South,Commercial,6,1174.21,0.21,5565.76
2024-04-28,Chair,West,Commercial,8,542.67,0.2,3473.09
2024-07-26,Bed,South,Residential,2,229.15,0.07,426.22
2024-02-24,Table,East,Residential,8,199.36,0.05,1515.14
2024-12-26,Bed,North,Commercial,3,1707.16,0.11,4558.12
2024-08-31,Sofa,South,Commercial,7,1118.78,0.07,7283.26
2024-05-14,Bed,South,Commercial,5,485.61,0.22,1893.88
2024-12-19,Table,West,Residential,2,1243.24,0.06,2337.29
2024-01-28,Table,North,Residential,7,1304.76,0.27,6667.32
2024-05-28,Chair,East,Commercial,4,497.32,0.16,1671.0
2024-11-24,Bed,South,Residential,4,283.88,0.18,931.13
2024-10-15,Chair,West,Residential,4,362.26,0.05,1376.59
2024-04-28,Bed,North,Commercial,1,353.28,0.25,264.96
2024-09-07,Sofa,South,Residential,9,1765.01,0.22,12390.37
2024-02-23,Chair,North,Commercial,9,640.69,0.29,4094.01
2024-11-27,Bed,North,Commercial,5,1178.41,0.04,5656.37
2024-10-12,Table,North,Commercial,9,881.65,0.03,7696.8
2024-01-28,Bed,East,Residential,8,1427.19,0.22,8905.67
2024-07-04,Chair,North,Commercial,7,487.37,0.03,3309.24
2024-02-18,Table,North,Commercial,4,906.53,0.19,2937.16
2024-10-26,Sofa,North,Commercial,9,1340.35,0.12,10615.57
2024-03-16,Table,South,Residential,9,678.22,0.25,4577.99
2024-10-07,Sofa,East,Commercial,4,738.39,0.05,2805.88
2024-08-10,Sofa,East,Residential,10,560.92,0.24,4262.99
2024-02-26,Table,East,Commercial,3,1985.64,0.01,5897.35
2024-09-03,Sofa,North,Commercial,1,1451.92,0.04,1393.84
2024-03-14,Table,West,Residential,9,1906.59,0.01,16987.72
2024-01-01,Table,South,Commercial,3,450.76,0.05,1284.67
2024-10-12,Chair,West,Commercial,2,560.01,0.23,862.42
2024-03-12,Chair,East,Residential,7,113.49,0.01,786.49
2024-07-20,Bed,East,Residential,4,459.29,0.27,1341.13
2024-12-24,Bed,East,Residential,6,424.34,0.29,1807.69
2024-08-25,Table,East,Commercial,2,1148.62,0.2,1837.79
2024-04-08,Table,North,Commercial,3,639.67,0.0,1919.01
2024-04-18,Bed,South,Commercial,7,175.97,0.29,874.57
2024-07-02,Bed,South,Residential,5,1668.23,0.06,7840.68
2024-12-18,Chair,North,Commercial,3,656.37,0.19,1594.98
2024-03-03,Chair,South,Commercial,7,1762.92,0.15,10489.37
2024-01-21,Sofa,West,Residential,5,988.15,0.27,3606.75
2024-05-25,Sofa,East,Residential,1,492.57,0.08,453.16
2024-03-28,Chair,East,Commercial,4,833.4,0.2,2666.88
2024-10-14,Bed,West,Commercial,3,620.24,0.24,1414.15
2024-04-10,Sofa,East,Commercial,1,1431.05,0.11,1273.63
2024-08-23,Bed,West,Commercial,7,268.61,0.13,1635.83
2024-01-03,Bed,North,Commercial,8,673.5,0.0,5388.0
2024-03-15,Sofa,South,Commercial,6,796.66,0.14,4110.77
2024-02-07,Chair,North,Commercial,9,437.69,0.03,3821.03
2024-12-08,Chair,West,Commercial,1,1456.39,0.07,1354.44
2024-07-07,Chair,North,Residential,5,1278.2,0.29,4537.61
2024-02-29,Table,South,Residential,8,970.27,0.07,7218.81
2024-07-11,Chair,North,Commercial,5,466.85,0.23,1797.37
2024-06-09,Table,South,Commercial,2,443.92,0.2,710.27
2024-02-12,Bed,North,Residential,4,1443.3,0.09,5253.61
2024-12-11,Table,East,Commercial,6,1838.89,0.13,9599.01
2024-09-24,Bed,North,Residential,2,1280.85,0.1,2305.53
2024-04-18,Sofa,South,Commercial,10,1834.05,0.05,17423.47
2024-10-31,Table,South,Residential,2,869.96,0.13,1513.73
2024-01-31,Table,East,Residential,9,697.67,0.01,6216.24
2024-07-23,Sofa,West,Commercial,9,1023.97,0.24,7003.95
2024-03-23,Bed,South,Commercial,3,642.95,0.08,1774.54
2024-06-04,Table,East,Commercial,7,563.3,0.01,3903.67
2024-04-12,Chair,West,Commercial,7,1987.92,0.23,10714.89
2024-10-17,Chair,West,Residential,8,1726.64,0.06,12984.33
2024-10-15,Table,South,Residential,8,1358.71,0.06,10217.5
2024-02-10,Chair,South,Commercial,6,1589.74,0.11,8489.21
2024-07-09,Bed,South,Commercial,7,1695.85,0.26,8784.5
2024-11-27,Chair,East,Commercial,2,614.44,0.16,1032.26
2024-10-13,Sofa,North,Commercial,5,1281.68,0.05,6087.98
2024-05-12,Sofa,South,Residential,2,1540.26,0.07,2864.88
2024-02-26,Sofa,West,Commercial,2,972.65,0.28,1400.62
2024-09-14,Chair,South,Commercial,2,1243.22,0.28,1790.24
2024-04-06,Chair,South,Residential,7,845.16,0.28,4259.61
2024-06-24,Chair,West,Residential,4,331.8,0.09,1207.75
2024-10-17,Bed,West,Residential,3,1679.21,0.25,3778.22
2024-11-15,Chair,West,Commercial,7,1423.29,0.07,9265.62
2024-09-29,Table,South,Commercial,4,923.14,0.27,2695.57
2024-07-03,Sofa,East,Commercial,5,956.26,0.17,3968.48
2024-05-05,Bed,North,Residential,10,592.1,0.02,5802.58
2024-10-28,Bed,East,Residential,4,241.49,0.14,830.73
2024-11-23,Chair,West,Residential,3,755.2,0.21,1789.82
2024-05-13,Sofa,North,Commercial,9,377.02,0.27,2477.02
2024-02-27,Table,South,Commercial,10,1468.94,0.26,10870.16
2024-08-01,Chair,South,Residential,5,679.07,0.13,2953.95
2024-12-18,Chair,East,Commercial,5,348.07,0.08,1601.12
2024-04-12,Chair,South,Residential,10,294.19,0.1,2647.71
2024-05-24,Sofa,South,Residential,6,1921.7,0.23,8878.25
2024-06-21,Bed,South,Commercial,3,1444.8,0.04,4161.02
2024-09-04,Sofa,North,Commercial,4,860.55,0.07,3201.25
2024-01-29,Bed,South,Commercial,5,1481.84,0.22,5779.18
2024-08-05,Chair,North,Residential,9,1744.61,0.1,14131.34
2024-09-07,Table,North,Residential,9,1557.49,0.11,12475.49
2024-08-27,Sofa,West,Commercial,10,409.1,0.06,3845.54
2024-06-17,Chair,South,Commercial,9,892.9,0.1,7232.49
2024-04-28,Table,North,Commercial,3,1063.0,0.25,2391.75
2024-09-07,Table,East,Residential,9,1298.95,0.15,9936.97
2024-02-19,Chair,East,Commercial,8,326.11,0.11,2321.9
2024-07-28,Sofa,South,Commercial,6,204.16,0.18,1004.47
2024-04-29,Sofa,South,Commercial,9,1494.83,0.13,11704.52
2024-05-24,Sofa,South,Residential,9,584.46,0.27,3839.9
2024-07-27,Chair,West,Commercial,7,1134.81,0.02,7784.8
2024-06-29,Chair,West,Commercial,5,1286.99,0.19,5212.31
2024-11-01,Chair,South,Residential,3,342.65,0.12,904.6
2024-01-03,Sofa,East,Residential,2,266.4,0.12,468.86
2024-02-05,Table,South,Residential,8,427.08,0.16,2869.98
2024-02-22,Chair,South,Residential,8,1559.67,0.2,9981.89
2024-04-05,Sofa,West,Commercial,7,1138.7,0.06,7492.65
2024-08-12,Bed,West,Residential,2,1910.47,0.15,3247.8
2024-03-12,Bed,West,Commercial,3,239.45,0.03,696.8
2024-08-09,Bed,East,Residential,8,1725.17,0.19,11179.1
2024-11-13,Table,East,Commercial,5,308.82,0.01,1528.66
2024-04-23,Table,North,Commercial,9,789.9,0.09,6469.28
2024-04-09,Table,East,Residential,7,195.51,0.22,1067.48
2024-09-16,Sofa,North,Residential,3,1861.83,0.07,5194.51
2024-04-16,Bed,North,Commercial,1,1162.47,0.13,1011.35
2024-04-14,Chair,South,Residential,8,1335.96,0.17,8870.77
2024-05-05,Chair,South,Residential,1,1135.8,0.3,795.06
2024-12-06,Bed,East,Residential,9,893.71,0.07,7480.35
2024-04-14,Table,West,Commercial,4,625.54,0.0,2502.16
2024-09-30,Sofa,North,Commercial,10,1344.07,0.06,12634.26
2024-06-19,Sofa,South,Residential,6,955.49,0.15,4873.0
2024-11-16,Chair,South,Residential,10,1575.63,0.1,14180.67
2024-11-15,Bed,North,Commercial,6,265.28,0.25,1193.76
2024-06-21,Table,West,Commercial,6,1069.94,0.19,5199.91
2024-04-03,Chair,East,Commercial,7,547.0,0.06,3599.26
2024-12-18,Sofa,South,Commercial,2,1404.54,0.21,2219.17
2024-08-04,Sofa,West,Commercial,7,149.51,0.2,837.26
2024-06-19,Sofa,East,Residential,3,1167.27,0.15,2976.54
2024-01-09,Bed,East,Commercial,8,681.95,0.14,4691.82
2024-03-13,Chair,West,Commercial,3,1660.05,0.27,3635.51
2024-02-13,Table,North,Commercial,10,403.19,0.11,3588.39
2024-03-13,Table,North,Residential,1,1012.22,0.11,900.88
2024-06-02,Chair,South,Commercial,5,1881.89,0.2,7527.56
2024-04-07,Sofa,East,Commercial,5,1329.98,0.13,5785.41
2024-07-16,Bed,West,Commercial,4,556.54,0.2,1780.93
2024-07-01,Table,West,Residential,4,963.44,0.25,2890.32
2024-12-23,Chair,West,Commercial,9,279.35,0.05,2388.44
2024-12-27,Sofa,North,Commercial,7,489.67,0.1,3084.92
2024-03-29,Sofa,North,Residential,10,1123.6,0.06,10561.84
2024-06-20,Chair,West,Commercial,9,1144.96,0.3,7213.25
2024-06-19,Table,West,Commercial,8,842.46,0.18,5526.54
2024-07-07,Bed,South,Commercial,1,1262.75,0.27,921.81
2024-05-26,Bed,North,Commercial,3,1747.19,0.09,4769.83
2024-11-28,Sofa,South,Commercial,7,1130.44,0.09,7200.9
2024-03-13,Sofa,South,Commercial,10,1383.61,0.14,11899.05
2024-02-22,Table,South,Residential,2,1506.63,0.1,2711.93
2024-07-25,Bed,South,Residential,8,537.65,0.23,3311.92
2024-11-13,Chair,North,Commercial,4,1085.06,0.02,4253.44
2024-01-04,Bed,West,Residential,8,876.23,0.04,6729.45
2024-01-11,Table,South,Residential,6,638.64,0.19,3103.79
2024-04-03,Bed,North,Residential,9,651.88,0.3,4106.84
2024-05-30,Bed,South,Residential,9,831.1,0.03,7255.5
2024-03-13,Bed,South,Residential,4,610.28,0.28,1757.61
2024-09-13,Sofa,South,Residential,2,120.58,0.07,224.28
2024-10-10,Sofa,South,Residential,3,1996.37,0.07,5569.87
2024-12-18,Bed,West,Residential,1,679.14,0.21,536.52
2024-07-18,Sofa,East,Residential,7,742.82,0.28,3743.81
2024-11-30,Table,South,Commercial,10,356.86,0.01,3532.91
2024-01-21,Bed,North,Residential,5,1988.76,0.02,9744.92
2024-11-25,Chair,East,Commercial,1,314.35,0.11,279.77
2024-10-10,Bed,East,Residential,5,417.13,0.22,1626.81
2024-03-20,Table,West,Commercial,1,1330.92,0.05,1264.37
2024-12-16,Chair,North,Commercial,3,1250.69,0.23,2889.09
2024-03-01,Sofa,North,Residential,3,1046.8,0.28,2261.09
2024-05-03,Table,East,Residential,8,152.59,0.08,1123.06
2024-03-05,Chair,North,Commercial,6,1313.79,0.04,7567.43
2024-01-17,Bed,North,Commercial,8,401.2,0.14,2760.26
2024-04-14,Sofa,North,Commercial,5,1304.7,0.1,5871.15
2024-08-03,Sofa,South,Residential,4,182.85,0.29,519.29
2024-01-15,Table,North,Commercial,7,919.63,0.25,4828.06
2024-03-01,Table,North,Commercial,1,763.05,0.26,564.66
2024-01-27,Sofa,West,Residential,6,947.89,0.24,4322.38
2024-04-13,Sofa,North,Residential,6,865.58,0.13,4518.33
2024-09-21,Bed,North,Commercial,10,210.81,0.18,1728.64
2024-12-19,Sofa,East,Residential,7,992.71,0.29,4933.77
2024-01-11,Sofa,North,Residential,8,1554.35,0.08,11440.02
2024-09-26,Table,North,Residential,1,633.3,0.21,500.31
2024-10-17,Chair,East,Commercial,1,768.6,0.23,591.82
2024-08-17,Chair,West,Commercial,7,1856.21,0.24,9875.04
2024-03-09,Bed,North,Residential,2,1720.4,0.06,3234.35
2024-07-28,Sofa,East,Residential,6,733.19,0.17,3651.29
2024-11-02,Sofa,West,Residential,7,723.13,0.02,4960.67
2024-03-05,Chair,East,Commercial,8,419.65,0.03,3256.48
2024-03-24,Table,North,Commercial,7,1630.68,0.11,10159.14
2024-08-13,Table,South,Residential,8,1560.53,0.01,12359.4
2024-11-27,Chair,North,Commercial,9,1303.3,0.1,10556.73
2024-05-28,Chair,North,Commercial,10,657.04,0.05,6241.88
2024-11-16,Chair,East,Commercial,10,359.1,0.09,3267.81
2024-03-24,Table,East,Commercial,4,471.26,0.28,1357.23
2024-07-30,Bed,West,Residential,5,397.33,0.28,1430.39
2024-05-30,Table,West,Commercial,7,1542.97,0.11,9612.7
2024-01-13,Table,East,Residential,7,1328.24,0.02,9111.73
2024-01-10,Bed,North,Residential,10,1809.68,0.2,14477.44
2024-04-05,Bed,North,Residential,4,1484.42,0.25,4453.26
2024-10-06,Chair,West,Commercial,5,834.16,0.04,4003.97
2024-11-18,Sofa,West,Residential,2,313.07,0.29,444.56
2024-04-05,Chair,West,Commercial,1,482.56,0.01,477.73
2024-09-23,Sofa,West,Residential,10,1336.87,0.0,13368.7
2024-09-01,Bed,West,Residential,6,1611.83,0.27,7059.82
2024-05-03,Table,East,Commercial,2,710.33,0.01,1406.45
2024-11-24,Bed,South,Residential,10,1309.56,0.08,12047.95
2024-08-02,Sofa,West,Commercial,2,109.86,0.16,184.56
2024-05-08,Bed,East,Commercial,9,1468.2,0.16,11099.59
2024-02-13,Sofa,West,Residential,3,509.25,0.28,1099.98
2024-12-20,Sofa,South,Commercial,5,845.18,0.25,3169.42
2024-03-18,Table,South,Commercial,6,1244.59,0.14,6422.08
2024-05-01,Sofa,West,Commercial,5,1568.19,0.12,6900.04
2024-03-09,Sofa,West,Commercial,10,1289.4,0.02,12636.12
2024-04-14,Bed,South,Residential,2,1489.14,0.02,2918.71
2024-10-12,Chair,East,Residential,3,260.28,0.04,749.61
2024-07-16,Table,West,Commercial,1,1266.48,0.12,1114.5
2024-06-19,Table,South,Residential,7,944.76,0.05,6282.65
2024-12-03,Sofa,East,Residential,2,1288.12,0.21,2035.23
2024-12-28,Bed,South,Residential,4,938.14,0.09,3414.83
2024-09-27,Bed,North,Residential,5,1809.17,0.18,7417.6
2024-06-13,Sofa,North,Commercial,6,1499.56,0.08,8277.57
2024-04-23,Chair,West,Residential,3,1442.18,0.13,3764.09
2024-03-23,Sofa,West,Residential,5,551.38,0.14,2370.93
2024-04-20,Table,West,Residential,9,1631.28,0.14,12626.11
2024-02-04,Chair,South,Residential,4,1365.67,0.15,4643.28
2024-12-28,Chair,South,Residential,3,512.99,0.18,1261.96
2024-04-23,Sofa,South,Commercial,7,915.1,0.03,6213.53
2024-12-20,Table,West,Commercial,4,148.38,0.15,504.49
2024-04-16,Chair,North,Residential,2,461.41,0.25,692.12
2024-03-05,Chair,East,Residential,5,605.64,0.28,2180.3
2024-09-07,Table,South,Commercial,10,1656.43,0.26,12257.58
2024-10-20,Bed,South,Commercial,5,585.15,0.17,2428.37
2024-02-03,Chair,South,Commercial,10,1568.19,0.28,11290.97
2024-04-14,Chair,West,Residential,5,1659.75,0.22,6473.02
2024-11-25,Sofa,East,Commercial,3,1596.93,0.29,3401.46
2024-11-06,Table,North,Commercial,3,752.57,0.11,2009.36
2024-10-29,Chair,South,Commercial,4,880.6,0.16,2958.82
2024-09-02,Table,East,Residential,5,394.66,0.02,1933.83
2024-11-11,Chair,East,Commercial,2,307.34,0.23,473.3
2024-09-21,Sofa,East,Commercial,9,259.15,0.26,1725.94
2024-08-11,Table,East,Commercial,10,733.97,0.24,5578.17
2024-08-11,Chair,East,Residential,10,1672.79,0.23,12880.48
2024-05-24,Table,West,Commercial,5,296.58,0.29,1052.86
2024-03-20,Sofa,South,Commercial,5,1370.64,0.28,4934.3
2024-01-21,Bed,West,Residential,4,144.3,0.24,438.67
2024-10-29,Bed,South,Commercial,8,1410.81,0.18,9254.91
2024-05-29,Sofa,East,Commercial,8,1783.75,0.04,13699.2
2024-04-09,Bed,West,Residential,7,1817.83,0.0,12724.81
2024-07-15,Bed,West,Commercial,3,956.15,0.04,2753.71
2024-01-14,Bed,South,Residential,6,1288.23,0.13,6724.56
2024-07-11,Sofa,East,Commercial,4,1917.37,0.07,7132.62
2024-03-15,Sofa,East,Commercial,10,246.35,0.09,2241.78
2024-03-20,Table,East,Residential,2,637.93,0.08,1173.79
2024-05-09,Sofa,South,Commercial,5,1666.9,0.02,8167.81
2024-04-12,Table,North,Commercial,8,1632.04,0.25,9792.24
2024-06-11,Chair,East,Residential,9,1486.12,0.19,10833.81
2024-02-18,Bed,East,Commercial,6,446.38,0.28,1928.36
2024-06-12,Chair,South,Residential,5,712.72,0.24,2708.34
2024-09-24,Sofa,North,Commercial,8,1982.42,0.11,14114.83
2024-08-21,Chair,North,Commercial,2,1310.01,0.14,2253.22
2024-12-30,Sofa,East,Residential,1,508.19,0.15,431.96
2024-11-10,Table,West,Residential,6,1876.8,0.17,9346.46
2024-05-22,Chair,South,Commercial,9,686.95,0.07,5749.77
2024-10-11,Bed,West,Commercial,10,1097.53,0.28,7902.22
2024-06-01,Sofa,North,Residential,2,1225.44,0.18,2009.72
2024-10-03,Table,East,Residential,4,1468.01,0.02,5754.6
2024-02-09,Table,West,Commercial,6,742.48,0.16,3742.1
2024-12-23,Bed,South,Commercial,2,1828.99,0.1,3292.18
2024-04-10,Sofa,East,Commercial,5,367.37,0.24,1396.01
2024-09-08,Sofa,North,Residential,9,1116.8,0.12,8845.06
2024-06-13,Table,West,Residential,4,424.41,0.01,1680.66
2024-01-15,Sofa,East,Commercial,6,1097.28,0.08,6056.99
2024-05-21,Table,West,Residential,10,788.55,0.0,7885.5
2024-03-19,Table,West,Residential,9,643.98,0.04,5563.99
2024-06-06,Table,East,Commercial,7,436.73,0.17,2537.4
2024-03-12,Sofa,South,Commercial,4,1775.81,0.12,6250.85
2024-08-22,Sofa,South,Residential,1,1127.27,0.22,879.27
2024-10-27,Table,East,Commercial,5,649.26,0.03,3148.91
2024-11-02,Table,East,Commercial,9,970.8,0.13,7601.36
2024-10-08,Sofa,East,Residential,2,193.64,0.17,321.44
2024-05-05,Table,North,Commercial,2,1328.55,0.22,2072.54
2024-02-26,Table,North,Residential,7,648.09,0.05,4309.8
2024-08-17,Sofa,East,Residential,6,318.56,0.28,1376.18
2024-01-11,Chair,North,Commercial,6,1033.3,0.19,5021.84
2024-07-30,Sofa,South,Commercial,2,1856.8,0.23,2859.47
2024-04-29,Chair,North,Residential,4,1114.29,0.09,4056.02
2024-04-26,Chair,East,Residential,6,1551.51,0.28,6702.52
2024-08-16,Chair,North,Commercial,3,1943.01,0.18,4779.8
2024-09-19,Table,West,Commercial,9,1192.49,0.19,8693.25
2024-10-01,Chair,West,Residential,2,1154.82,0.16,1940.1
2024-07-27,Chair,East,Residential,2,627.68,0.12,1104.72
2024-09-12,Sofa,North,Commercial,10,1865.19,0.07,17346.27
2024-04-23,Table,North,Residential,1,1006.4,0.09,915.82
2024-01-10,Sofa,North,Commercial,4,1243.53,0.07,4625.93
2024-07-22,Table,East,Commercial,2,482.18,0.13,838.99
2024-07-14,Bed,West,Commercial,1,1488.85,0.0,1488.85
2024-05-21,Bed,West,Commercial,8,1720.37,0.27,10046.96
2024-03-14,Chair,West,Residential,2,1798.37,0.11,3201.1
2024-06-04,Sofa,South,Residential,5,383.73,0.24,1458.17
2024-11-22,Bed,South,Commercial,4,1269.59,0.29,3605.64
2024-04-12,Chair,West,Commercial,8,1693.16,0.08,12461.66
2024-01-22,Chair,West,Commercial,2,1840.57,0.27,2687.23
2024-12-01,Bed,South,Residential,7,282.34,0.27,1442.76
2024-07-17,Table,South,Commercial,6,918.68,0.23,4244.3
2024-03-18,Chair,West,Commercial,6,902.86,0.12,4767.1
2024-06-13,Table,East,Commercial,3,1154.07,0.27,2527.41
2024-03-02,Table,East,Residential,8,1946.67,0.22,12147.22
2024-02-27,Bed,East,Residential,7,1535.87,0.01,10643.58
2024-01-13,Sofa,West,Residential,10,133.27,0.12,1172.78
2024-09-15,Bed,West,Residential,4,1144.31,0.22,3570.25
2024-06-17,Chair,West,Residential,7,715.96,0.23,3859.02
2024-11-17,Chair,West,Commercial,1,582.34,0.04,559.05
2024-01-15,Chair,West,Commercial,5,1441.21,0.01,7133.99
2024-07-10,Sofa,West,Commercial,7,1595.82,0.18,9160.01
2024-03-19,Chair,East,Commercial,7,1857.97,0.11,11575.15
2024-01-09,Chair,North,Residential,3,587.34,0.13,1532.96
2024-04-05,Chair,East,Residential,10,1982.3,0.01,19624.77
2024-06-11,Sofa,West,Commercial,1,1316.58,0.0,1316.58
2024-10-17,Table,West,Residential,10,1614.53,0.14,13884.96
2024-03-29,Chair,West,Residential,6,1258.52,0.06,7098.05
2024-03-19,Sofa,West,Commercial,10,464.44,0.28,3343.97
2024-04-20,Bed,South,Residential,9,1794.66,0.13,14052.19
2024-03-06,Bed,North,Commercial,3,1189.37,0.21,2818.81
2024-03-19,Chair,North,Residential,3,1869.84,0.27,4094.95
2024-09-24,Chair,North,Commercial,6,1467.46,0.16,7396.0
2024-10-13,Table,West,Residential,5,1596.91,0.29,5669.03
2024-08-22,Sofa,South,Residential,6,767.41,0.23,3545.43
2024-08-05,Bed,West,Commercial,6,552.25,0.29,2352.58
2024-02-19,Table,North,Residential,9,395.17,0.07,3307.57
2024-11-29,Sofa,East,Residential,7,1130.74,0.01,7836.03
2024-11-25,Table,North,Residential,8,245.77,0.14,1690.9
2024-07-31,Chair,South,Residential,10,350.39,0.03,3398.78
2024-06-25,Table,South,Commercial,8,229.2,0.06,1723.58
2024-06-02,Bed,South,Commercial,5,601.05,0.02,2945.14
2024-02-16,Chair,South,Commercial,8,1557.57,0.19,10093.05
2024-12-19,Chair,West,Residential,3,1379.69,0.14,3559.6
2024-09-30,Sofa,North,Commercial,7,435.82,0.02,2989.73
2024-09-08,Table,North,Residential,6,806.85,0.05,4599.04
2024-07-10,Sofa,North,Residential,6,221.36,0.29,942.99
2024-08-30,Table,North,Residential,4,169.88,0.07,631.95
2024-04-24,Sofa,South,Commercial,9,883.62,0.21,6282.54
2024-02-27,Sofa,South,Commercial,5,1162.29,0.27,4242.36
2024-02-26,Chair,West,Residential,7,1760.69,0.03,11955.09
2024-10-31,Chair,East,Residential,8,1707.8,0.2,10929.92
2024-06-27,Chair,South,Commercial,5,269.34,0.27,983.09
2024-12-29,Table,South,Commercial,7,1466.29,0.02,10058.75
2024-12-14,Table,West,Commercial,3,1352.31,0.26,3002.13
2024-05-13,Table,East,Commercial,1,965.46,0.23,743.4
2024-02-26,Sofa,North,Commercial,5,1330.34,0.25,4988.77
2024-05-01,Sofa,East,Commercial,1,840.4,0.28,605.09
2024-11-20,Bed,South,Commercial,7,582.31,0.12,3587.03
2024-04-21,Bed,East,Residential,5,331.84,0.01,1642.61
2024-11-25,Bed,South,Commercial,7,578.74,0.07,3767.6
2024-04-03,Bed,South,Residential,6,1771.17,0.03,10308.21
2024-08-24,Chair,West,Residential,7,115.96,0.28,584.44
2024-05-23,Table,West,Commercial,4,1706.16,0.21,5391.47
2024-03-15,Table,West,Residential,3,1544.13,0.04,4447.09
2024-08-03,Table,West,Commercial,9,395.25,0.14,3059.24
2024-03-03,Table,North,Residential,10,108.29,0.08,996.27
2024-02-09,Table,South,Commercial,9,1813.24,0.08,15013.63
2024-09-25,Sofa,North,Residential,5,1836.2,0.29,6518.51
2024-09-10,Chair,East,Residential,2,1279.73,0.09,2329.11
2024-08-18,Chair,South,Residential,4,1834.55,0.05,6971.29
2024-04-17,Chair,West,Residential,1,1928.94,0.2,1543.15
2024-02-15,Chair,North,Commercial,4,1751.42,0.07,6515.28
2024-02-21,Chair,East,Commercial,7,1315.68,0.14,7920.39
2024-05-20,Table,South,Residential,6,810.27,0.23,3743.45
2024-10-03,Bed,North,Commercial,2,1856.96,0.3,2599.74
2024-07-04,Table,West,Commercial,9,1723.35,0.15,13183.63
2024-09-03,Sofa,South,Residential,2,523.89,0.27,764.88
2024-04-18,Sofa,South,Residential,9,1684.4,0.11,13492.04
2024-07-11,Sofa,South,Residential,10,1622.54,0.11,14440.61
2024-07-09,Bed,South,Residential,4,751.0,0.14,2583.44
2024-02-20,Sofa,South,Commercial,10,489.04,0.18,4010.13
2024-02-07,Chair,West,Residential,7,766.83,0.29,3811.15
2024-04-09,Chair,West,Residential,8,400.82,0.17,2661.44
2024-11-27,Bed,North,Commercial,7,1902.48,0.13,11586.1
2024-11-02,Bed,North,Commercial,6,1508.37,0.02,8869.22
2024-03-01,Bed,West,Residential,7,1152.84,0.13,7020.8
2024-09-28,Sofa,South,Commercial,4,1999.03,0.07,7436.39
2024-08-13,Chair,West,Residential,7,1243.76,0.09,7922.75
2024-12-14,Table,North,Commercial,6,879.51,0.06,4960.44
2024-04-28,Bed,East,Commercial,2,1800.03,0.21,2844.05
2024-06-15,Bed,East,Commercial,9,1163.9,0.06,9846.59
2024-03-15,Sofa,East,Residential,3,171.29,0.21,405.96
2024-11-09,Bed,West,Commercial,6,472.94,0.08,2610.63
2024-10-08,Chair,North,Residential,4,1454.61,0.02,5702.07
2024-09-22,Table,West,Commercial,2,1346.29,0.2,2154.06
2024-01-08,Bed,North,Residential,4,1455.96,0.06,5474.41
2024-06-30,Chair,East,Commercial,7,137.52,0.16,808.62
2024-09-15,Sofa,West,Residential,9,515.66,0.01,4594.53
2024-10-14,Sofa,North,Residential,9,1698.02,0.21,12072.92
2024-03-10,Table,South,Commercial,3,430.27,0.29,916.48
2024-12-01,Chair,East,Commercial,1,474.97,0.19,384.73
2024-02-04,Chair,South,Residential,1,915.41,0.18,750.64
2024-06-11,Bed,East,Residential,2,1024.54,0.12,1803.19
2024-06-19,Bed,North,Residential,10,1123.07,0.11,9995.32
2024-07-29,Sofa,East,Residential,1,696.98,0.26,515.77
2024-04-24,Table,North,Residential,9,1272.93,0.17,9508.79
2024-04-02,Chair,East,Commercial,3,115.65,0.2,277.56
2024-03-20,Chair,South,Commercial,5,1978.74,0.2,7914.96
2024-04-18,Sofa,South,Commercial,1,1806.85,0.26,1337.07
2024-04-01,Sofa,West,Residential,1,1181.44,0.07,1098.74
2024-12-24,Bed,East,Residential,8,1063.22,0.21,6719.55
2024-06-18,Chair,North,Residential,9,1112.92,0.17,8313.51
2024-05-01,Table,North,Commercial,3,1522.96,0.06,4294.75
2024-04-28,Bed,West,Commercial,7,334.31,0.09,2129.55
2024-12-24,Bed,North,Commercial,2,1895.82,0.09,3450.39
2024-03-01,Chair,North,Residential,9,1147.96,0.05,9815.06
2024-01-19,Bed,North,Commercial,6,1148.24,0.28,4960.4
2024-01-06,Table,North,Commercial,6,105.07,0.27,460.21
2024-10-30,Chair,South,Residential,2,1651.6,0.14,2840.75
2024-09-03,Table,West,Commercial,6,1824.81,0.24,8321.13
2024-12-31,Bed,South,Commercial,7,1632.26,0.14,9826.21
2024-07-17,Chair,East,Commercial,4,923.2,0.12,3249.66
2024-09-18,Table,East,Commercial,5,156.22,0.17,648.31
2024-05-11,Chair,West,Commercial,9,1674.34,0.3,10548.34
2024-03-10,Chair,West,Commercial,1,1552.66,0.3,1086.86
2024-08-01,Table,North,Residential,4,793.27,0.23,2443.27
2024-11-04,Sofa,South,Commercial,7,1625.09,0.04,10920.6
2024-11-25,Sofa,East,Commercial,1,1520.47,0.21,1201.17
2024-08-29,Sofa,North,Commercial,6,1804.28,0.02,10609.17
2024-07-30,Table,East,Commercial,9,747.83,0.25,5047.85
2024-09-16,Sofa,East,Residential,7,115.4,0.03,783.57
2024-11-25,Bed,South,Residential,4,1378.93,0.07,5129.62
2024-11-03,Chair,West,Residential,6,999.2,0.14,5155.87
2024-09-13,Sofa,North,Commercial,1,724.09,0.21,572.03
2024-01-15,Chair,North,Residential,10,1809.84,0.09,16469.54
2024-07-02,Chair,East,Residential,5,164.58,0.0,822.9
2024-03-05,Chair,North,Residential,6,538.8,0.19,2618.57
2024-06-21,Sofa,West,Commercial,6,398.09,0.3,1671.98
2024-03-08,Bed,North,Residential,6,243.94,0.22,1141.64
2024-10-07,Bed,North,Residential,8,511.34,0.0,4090.72
2024-11-02,Chair,East,Residential,1,1504.4,0.04,1444.22
2024-09-28,Bed,West,Residential,4,1379.96,0.12,4857.46
2024-08-27,Chair,North,Residential,10,1685.78,0.08,15509.18
2024-10-09,Table,East,Residential,1,612.89,0.27,447.41
2024-03-14,Chair,West,Residential,8,1531.72,0.24,9312.86
2024-05-05,Chair,South,Residential,10,1579.3,0.19,12792.33
2024-11-23,Chair,South,Commercial,1,783.43,0.03,759.93
2024-08-22,Chair,North,Residential,2,994.65,0.25,1491.98
2024-04-16,Bed,North,Commercial,8,1367.79,0.19,8863.28
2024-11-03,Bed,South,Residential,8,401.24,0.21,2535.84
2024-04-20,Sofa,West,Commercial,10,1215.67,0.22,9482.23
2024-09-06,Sofa,East,Residential,2,1897.66,0.09,3453.74
2024-01-15,Table,West,Residential,4,583.29,0.22,1819.86
2024-08-26,Table,East,Residential,7,1150.83,0.29,5719.63
2024-04-14,Table,North,Residential,1,900.53,0.29,639.38
2024-11-30,Chair,South,Commercial,9,743.71,0.17,5555.51
2024-07-19,Table,West,Residential,10,753.8,0.08,6934.96
2024-09-09,Sofa,West,Residential,3,285.12,0.09,778.38
2024-08-23,Sofa,East,Commercial,7,1482.06,0.2,8299.54
2024-11-14,Table,South,Commercial,8,763.75,0.08,5621.2
2024-02-17,Table,East,Residential,2,1255.02,0.16,2108.43
2024-02-09,Chair,East,Commercial,4,1650.72,0.03,6404.79
2024-10-21,Chair,North,Commercial,8,1692.19,0.2,10830.02
2024-01-03,Bed,East,Commercial,3,372.73,0.13,972.83
2024-02-03,Bed,South,Residential,9,1450.79,0.19,10576.26
2024-12-15,Bed,South,Commercial,3,746.29,0.23,1723.93
2024-01-18,Bed,South,Residential,5,771.3,0.27,2815.24
2024-08-11,Table,North,Commercial,3,1795.66,0.17,4471.19
2024-11-17,Table,South,Residential,8,1721.66,0.28,9916.76
2024-02-10,Chair,North,Residential,7,1783.14,0.09,11358.6
2024-02-24,Chair,North,Commercial,4,489.86,0.02,1920.25
2024-02-01,Sofa,North,Commercial,8,810.28,0.19,5250.61
2024-12-24,Sofa,South,Residential,6,1632.42,0.27,7150.0
2024-12-06,Bed,North,Residential,4,1902.59,0.06,7153.74
2024-01-07,Sofa,West,Residential,2,126.42,0.21,199.74
2024-03-31,Sofa,South,Residential,6,998.5,0.05,5691.45
2024-10-30,Table,East,Commercial,1,1503.21,0.23,1157.47
2024-12-02,Bed,North,Residential,2,1649.6,0.3,2309.44
2024-09-22,Bed,East,Commercial,8,1537.66,0.05,11686.22
2024-12-13,Table,West,Residential,7,799.45,0.17,4644.8
2024-04-27,Table,West,Commercial,8,1204.12,0.2,7706.37
2024-02-03,Sofa,West,Commercial,10,116.76,0.13,1015.81
2024-10-12,Bed,West,Residential,2,586.23,0.01,1160.74
2024-06-07,Bed,North,Commercial,5,1172.17,0.16,4923.11
2024-04-03,Sofa,East,Commercial,7,1767.66,0.05,11754.94
2024-02-13,Bed,East,Residential,10,1957.79,0.1,17620.11
2024-06-03,Sofa,North,Commercial,7,1719.54,0.24,9147.95
2024-12-16,Table,South,Residential,6,1392.74,0.22,6518.02
2024-01-24,Bed,South,Residential,9,1399.24,0.19,10200.46
2024-11-05,Chair,East,Residential,8,591.13,0.08,4350.72
2024-08-02,Sofa,West,Residential,4,686.14,0.23,2113.31
2024-08-04,Chair,East,Commercial,3,1205.26,0.09,3290.36
2024-02-18,Table,North,Residential,2,1044.33,0.14,1796.25
2024-11-28,Sofa,West,Commercial,9,1956.32,0.06,16550.47
2024-09-29,Chair,East,Residential,8,428.77,0.12,3018.54
2024-06-10,Bed,North,Residential,1,943.37,0.13,820.73
2024-05-23,Sofa,West,Residential,5,1153.04,0.24,4381.55
2024-10-18,Sofa,West,Residential,5,1056.19,0.29,3749.47
2024-04-05,Chair,West,Residential,4,1058.17,0.18,3470.8
2024-09-03,Chair,East,Residential,3,1051.46,0.07,2933.57
2024-07-21,Sofa,South,Residential,7,901.13,0.26,4667.85
2024-03-26,Chair,East,Residential,9,699.75,0.02,6171.8
2024-06-11,Chair,South,Commercial,10,179.91,0.07,1673.16
2024-02-06,Chair,South,Commercial,9,826.94,0.17,6177.24
2024-01-09,Bed,South,Residential,8,1731.14,0.11,12325.72
2024-02-21,Chair,South,Residential,10,1433.84,0.05,13621.48
2024-11-02,Bed,South,Commercial,8,1527.36,0.26,9041.97
2024-07-19,Chair,North,Residential,3,276.49,0.25,622.1
2024-11-20,Sofa,West,Residential,10,120.93,0.3,846.51
2024-04-13,Bed,West,Commercial,6,350.21,0.02,2059.23
2024-12-11,Bed,North,Residential,9,489.49,0.23,3392.17
2024-11-15,Sofa,North,Residential,7,1785.14,0.05,11871.18
2024-02-14,Chair,West,Commercial,6,258.4,0.14,1333.34
2024-05-17,Table,East,Residential,6,489.69,0.27,2144.84
2024-09-01,Sofa,South,Commercial,8,1106.51,0.13,7701.31
2024-02-27,Sofa,North,Residential,2,323.27,0.14,556.02
2024-08-07,Chair,East,Commercial,10,1696.79,0.16,14253.04
2024-03-23,Bed,East,Commercial,3,783.56,0.16,1974.57
2024-01-24,Chair,North,Commercial,5,1495.06,0.23,5755.98
2024-05-13,Chair,North,Commercial,2,565.02,0.15,960.53
2024-04-07,Table,West,Residential,10,1723.46,0.28,12408.91
2024-11-13,Chair,West,Commercial,4,1394.34,0.05,5298.49
2024-11-03,Table,South,Residential,2,467.69,0.18,767.01
2024-01-13,Chair,North,Residential,6,482.89,0.2,2317.87
2024-12-08,Chair,South,Commercial,8,1694.67,0.29,9625.73
2024-03-31,Chair,South,Residential,6,255.82,0.2,1227.94
2024-06-12,Bed,South,Commercial,3,930.93,0.11,2485.58
2024-11-07,Chair,East,Commercial,2,299.17,0.26,442.77
2024-05-29,Chair,South,Residential,2,156.94,0.28,225.99
2024-05-02,Sofa,South,Commercial,8,1178.81,0.25,7072.86
2024-09-08,Sofa,East,Commercial,9,1364.95,0.28,8844.88
2024-07-02,Chair,North,Residential,6,202.48,0.26,899.01
2024-11-28,Bed,North,Commercial,8,1101.29,0.19,7136.36
2024-02-02,Sofa,North,Commercial,2,637.11,0.01,1261.48
2024-07-16,Chair,West,Commercial,8,581.57,0.09,4233.83
2024-08-11,Sofa,East,Commercial,5,562.64,0.07,2616.28
2024-07-05,Sofa,North,Residential,7,153.89,0.09,980.28
2024-04-02,Sofa,East,Commercial,1,559.22,0.03,542.44
2024-01-24,Sofa,South,Commercial,6,1835.11,0.05,10460.13
2024-08-16,Chair,South,Residential,7,633.73,0.16,3726.33
2024-04-30,Sofa,South,Residential,1,151.62,0.01,150.1
2024-03-14,Table,East,Commercial,7,1696.17,0.05,11279.53
2024-06-20,Sofa,West,Residential,4,1855.09,0.29,5268.46
2024-08-19,Chair,West,Residential,7,530.1,0.17,3079.88
2024-08-25,Bed,West,Commercial,6,1945.3,0.2,9337.44
2024-09-06,Sofa,East,Commercial,7,1294.48,0.2,7249.09
2024-07-15,Bed,South,Residential,8,1928.81,0.14,13270.21
2024-02-29,Table,East,Commercial,5,1035.5,0.28,3727.8
2024-01-13,Chair,West,Commercial,9,264.02,0.16,1995.99
2024-10-31,Chair,South,Commercial,3,640.11,0.27,1401.84
2024-08-10,Bed,South,Commercial,1,1096.44,0.23,844.26
2024-03-24,Table,East,Residential,3,906.88,0.21,2149.31
2024-04-24,Chair,South,Residential,8,949.53,0.04,7292.39
2024-08-10,Chair,West,Residential,3,938.07,0.13,2448.36
2024-05-27,Chair,East,Residential,5,1517.04,0.29,5385.49
2024-10-08,Bed,South,Residential,7,1300.55,0.13,7920.35
2024-12-23,Sofa,East,Residential,9,901.96,0.06,7630.58
2024-03-24,Bed,North,Residential,8,1827.61,0.21,11550.5
2024-05-18,Sofa,West,Commercial,7,1373.35,0.23,7402.36
2024-01-05,Chair,South,Commercial,5,1070.68,0.21,4229.19
2024-02-18,Sofa,West,Commercial,5,777.4,0.03,3770.39
2024-11-29,Table,West,Commercial,5,1813.18,0.03,8793.92
2024-11-07,Sofa,South,Commercial,8,1926.38,0.1,13869.94
2024-03-26,Bed,South,Residential,7,1006.86,0.11,6272.74
2024-10-28,Bed,North,Residential,4,504.83,0.28,1453.91
2024-11-25,Bed,East,Residential,10,975.61,0.15,8292.68
2024-05-28,Chair,East,Commercial,5,266.24,0.29,945.15
2024-10-15,Table,North,Commercial,10,1362.71,0.16,11446.76
2024-06-10,Table,North,Residential,1,1802.98,0.08,1658.74
2024-12-16,Table,East,Commercial,4,1327.67,0.1,4779.61
2024-04-08,Bed,West,Residential,9,1122.62,0.08,9295.29
2024-01-22,Table,North,Residential,6,763.47,0.1,4122.74
2024-06-26,Chair,West,Residential,8,831.26,0.3,4655.06
2024-10-11,Chair,North,Commercial,5,534.08,0.02,2616.99
2024-03-26,Table,North,Commercial,5,597.24,0.02,2926.48
2024-09-05,Bed,North,Commercial,4,1765.8,0.2,5650.56
2024-01-26,Sofa,South,Commercial,1,999.81,0.17,829.84
2024-09-16,Table,South,Commercial,7,1263.0,0.02,8664.18
2024-05-10,Sofa,East,Residential,7,726.71,0.12,4476.53
2024-07-29,Sofa,East,Residential,4,1663.19,0.3,4656.93
2024-07-15,Sofa,West,Residential,6,493.58,0.05,2813.41
2024-04-24,Bed,South,Residential,3,498.14,0.27,1090.93
2024-09-28,Bed,South,Residential,2,1853.67,0.22,2891.73
2024-07-11,Table,North,Residential,3,1815.22,0.05,5173.38
2024-05-11,Sofa,South,Commercial,6,1392.88,0.29,5933.67
2024-02-05,Chair,East,Commercial,10,178.65,0.24,1357.74
2024-09-04,Table,North,Residential,5,855.16,0.2,3420.64
2024-08-15,Table,South,Residential,5,1035.54,0.02,5074.15
2024-06-25,Bed,West,Residential,7,747.19,0.16,4393.48
2024-04-04,Chair,North,Residential,5,873.33,0.06,4104.65
2024-11-11,Chair,North,Commercial,9,472.74,0.09,3871.74
2024-02-12,Table,West,Residential,8,1988.97,0.21,12570.29
2024-03-02,Table,West,Residential,8,629.34,0.09,4581.6
2024-10-25,Chair,South,Residential,9,1498.39,0.01,13350.65
2024-05-17,Sofa,South,Residential,2,1307.32,0.25,1960.98
2024-01-14,Bed,South,Commercial,1,304.28,0.17,252.55
2024-12-11,Bed,South,Residential,9,680.02,0.21,4834.94
2024-02-26,Sofa,South,Commercial,1,190.06,0.06,178.66
2024-09-07,Bed,South,Residential,7,876.06,0.0,6132.42
2024-06-17,Table,West,Commercial,5,1807.2,0.21,7138.44
2024-08-24,Bed,West,Residential,7,1353.38,0.21,7484.19
2024-05-20,Bed,East,Residential,5,303.24,0.22,1182.64
2024-03-26,Bed,West,Commercial,8,1757.7,0.2,11249.28
2024-01-22,Sofa,East,Residential,1,1708.63,0.08,1571.94
2024-04-26,Table,South,Residential,4,1599.87,0.2,5119.58
2024-10-12,Sofa,North,Commercial,9,1549.41,0.23,10737.41
2024-02-24,Chair,South,Commercial,5,933.56,0.11,4154.34
2024-11-24,Chair,North,Residential,3,1102.26,0.07,3075.31
2024-06-09,Chair,North,Commercial,1,1841.96,0.19,1491.99
2024-07-22,Bed,North,Commercial,3,1313.84,0.13,3429.12
2024-07-14,Chair,North,Residential,10,1215.49,0.1,10939.41
2024-03-10,Chair,South,Commercial,2,1559.58,0.12,2744.86
2024-05-29,Sofa,North,Commercial,8,442.12,0.05,3360.11
2024-11-12,Bed,North,Commercial,4,1030.19,0.13,3585.06
2024-04-01,Sofa,East,Commercial,4,821.71,0.27,2399.39
2024-10-21,Chair,East,Residential,9,988.3,0.07,8272.07
2024-10-19,Sofa,West,Residential,6,1808.27,0.22,8462.7
2024-05-29,Bed,East,Commercial,3,1333.21,0.11,3559.67
2024-10-24,Chair,West,Residential,8,137.83,0.17,915.19
2024-10-28,Bed,East,Commercial,10,1082.16,0.04,10388.74
2024-09-08,Sofa,East,Commercial,10,1214.23,0.01,12020.88
2024-03-26,Table,East,Commercial,2,1921.53,0.09,3497.18
2024-07-31,Sofa,West,Commercial,8,109.55,0.09,797.52
2024-10-31,Sofa,South,Residential,1,612.44,0.1,551.2
2024-05-22,Bed,South,Commercial,4,1829.27,0.1,6585.37
2024-01-06,Bed,North,Residential,9,419.53,0.23,2907.34
2024-04-13,Sofa,West,Residential,3,1580.42,0.15,4030.07
2024-02-13,Chair,East,Residential,9,855.15,0.18,6311.01
2024-07-05,Table,West,Commercial,2,116.41,0.12,204.88
2024-05-11,Bed,North,Commercial,10,643.15,0.04,6174.24
2024-04-30,Chair,South,Residential,5,293.58,0.14,1262.39
2024-02-16,Sofa,West,Residential,8,1883.54,0.02,14766.95
2024-07-29,Sofa,West,Commercial,9,1246.54,0.28,8077.58
2024-09-27,Table,South,Commercial,4,196.83,0.06,740.08
2024-06-04,Bed,South,Commercial,7,1810.58,0.07,11786.88
2024-01-21,Bed,West,Residential,4,1117.47,0.28,3218.31
2024-12-22,Bed,East,Commercial,3,1028.9,0.12,2716.3
2024-09-11,Bed,West,Residential,10,1297.28,0.12,11416.06
2024-06-23,Sofa,West,Commercial,8,235.57,0.29,1338.04
2024-09-14,Bed,South,Residential,6,467.82,0.17,2329.74
2024-05-13,Table,South,Commercial,2,647.27,0.03,1255.7
2024-06-05,Table,North,Commercial,6,1577.53,0.19,7666.8
2024-02-08,Bed,South,Residential,8,420.07,0.1,3024.5
2024-02-14,Sofa,West,Residential,6,405.79,0.28,1753.01
2024-01-22,Bed,West,Commercial,10,1966.62,0.07,18289.57
2024-07-26,Table,South,Commercial,8,1951.76,0.13,13584.25
2024-01-18,Bed,East,Commercial,10,671.5,0.27,4901.95
2024-04-12,Chair,East,Residential,5,1118.81,0.2,4475.24
2024-04-16,Bed,West,Commercial,7,1165.01,0.14,7013.36
2024-07-13,Bed,North,Commercial,8,1991.51,0.2,12745.66
2024-12-04,Chair,South,Commercial,5,1960.18,0.07,9114.84
2024-04-08,Sofa,West,Commercial,1,1170.35,0.27,854.36
2024-08-28,Bed,North,Commercial,7,1115.85,0.16,6561.2
2024-10-23,Sofa,West,Residential,7,1057.24,0.27,5402.5
2024-01-04,Sofa,North,Commercial,1,1856.97,0.27,1355.59
2024-02-24,Table,West,Residential,4,1670.57,0.28,4811.24
2024-01-04,Table,South,Residential,10,1321.43,0.22,10307.15
2024-05-31,Sofa,South,Residential,8,438.71,0.12,3088.52
2024-02-03,Chair,East,Residential,7,1575.16,0.29,7828.55
2024-10-25,Table,South,Residential,6,1653.35,0.16,8332.88
2024-12-02,Bed,East,Commercial,9,1588.69,0.1,12868.39
2024-01-08,Chair,West,Residential,4,1225.27,0.22,3822.84
2024-08-02,Bed,East,Residential,1,234.31,0.26,173.39
2024-04-11,Bed,East,Commercial,9,1079.34,0.09,8839.79
2024-10-13,Bed,West,Residential,4,1079.98,0.14,3715.13
2024-08-12,Chair,East,Commercial,8,1682.9,0.16,11309.09
2024-07-14,Table,South,Residential,5,1560.77,0.1,7023.46
2024-07-03,Chair,South,Commercial,5,1172.14,0.11,5216.02
2024-09-17,Table,North,Commercial,8,401.47,0.23,2473.06
2024-10-15,Chair,East,Residential,1,1079.13,0.06,1014.38
2024-10-06,Chair,North,Commercial,3,1411.73,0.01,4192.84
2024-12-10,Chair,South,Commercial,4,1901.83,0.22,5933.71
2024-05-29,Table,East,Residential,5,430.33,0.25,1613.74
2024-03-04,Bed,East,Commercial,5,585.95,0.2,2343.8
2024-05-11,Chair,North,Residential,4,937.91,0.07,3489.03
2024-05-24,Table,North,Commercial,7,661.59,0.09,4214.33
2024-12-04,Table,South,Commercial,5,1289.22,0.28,4641.19
2024-10-21,Chair,West,Commercial,6,1487.9,0.11,7945.39
2024-01-25,Table,West,Commercial,1,787.3,0.13,684.95
2024-07-01,Chair,East,Residential,9,1408.91,0.04,12172.98
2024-01-19,Bed,South,Residential,6,227.23,0.25,1022.53
2024-10-17,Sofa,South,Commercial,3,1433.19,0.27,3138.69
2024-09-19,Bed,South,Commercial,9,1330.28,0.12,10535.82
2024-12-15,Sofa,East,Residential,4,1426.4,0.25,4279.2
2024-06-23,Table,South,Commercial,2,315.72,0.29,448.32
2024-06-14,Sofa,South,Commercial,10,276.18,0.08,2540.86
2024-05-12,Bed,South,Commercial,10,1360.47,0.11,12108.18
2024-12-14,Sofa,North,Residential,5,1299.13,0.15,5521.3
2024-12-21,Sofa,North,Commercial,8,1466.18,0.04,11260.26
2024-03-08,Table,West,Commercial,4,633.99,0.03,2459.88
2024-12-04,Chair,South,Commercial,1,1724.72,0.12,1517.75
2024-08-27,Sofa,East,Residential,2,198.61,0.09,361.47
2024-10-01,Table,North,Residential,9,682.28,0.07,5710.68
2024-10-12,Table,North,Residential,10,1360.44,0.1,12243.96
2024-11-11,Table,West,Commercial,8,694.75,0.26,4112.92
2024-09-23,Sofa,South,Residential,7,1888.09,0.24,10044.64
2024-11-30,Table,West,Commercial,4,1472.34,0.24,4475.91
2024-02-18,Sofa,West,Commercial,10,588.5,0.11,5237.65
2024-11-10,Chair,North,Residential,2,1669.0,0.07,3104.34
2024-01-03,Bed,West,Commercial,7,963.5,0.09,6137.5
2024-08-01,Bed,North,Residential,2,382.68,0.01,757.71
2024-12-05,Table,South,Residential,10,595.45,0.13,5180.42
2024-01-02,Sofa,North,Residential,7,1962.89,0.11,12228.8
2024-08-26,Sofa,West,Residential,5,1356.99,0.25,5088.71
2024-09-24,Bed,South,Residential,1,975.14,0.26,721.6
2024-01-21,Chair,South,Commercial,5,1420.23,0.24,5396.87
2024-04-09,Sofa,North,Residential,10,407.92,0.15,3467.32
2024-01-03,Sofa,South,Residential,6,890.53,0.1,4808.86
2024-04-09,Table,East,Residential,4,664.84,0.01,2632.77
2024-08-27,Chair,North,Commercial,1,1943.38,0.25,1457.54
2024-03-31,Bed,North,Commercial,9,319.79,0.04,2762.99
2024-10-01,Sofa,North,Residential,6,696.97,0.04,4014.55
2024-12-20,Chair,West,Commercial,6,1393.56,0.16,7023.54
2024-06-18,Bed,East,Residential,6,580.72,0.08,3205.57
2024-07-23,Table,West,Residential,10,597.78,0.14,5140.91
2024-06-07,Chair,South,Residential,10,501.45,0.21,3961.46
2024-07-01,Chair,West,Residential,5,872.05,0.01,4316.65
2024-05-05,Sofa,North,Commercial,3,384.81,0.28,831.19
2024-08-11,Sofa,West,Residential,4,1785.22,0.25,5355.66
2024-07-01,Chair,West,Commercial,5,1327.16,0.08,6104.94
2024-12-17,Bed,North,Commercial,8,593.84,0.15,4038.11
2024-02-26,Bed,North,Commercial,2,722.53,0.27,1054.89
2024-05-11,Sofa,East,Commercial,7,1489.25,0.28,7505.82
2024-07-26,Sofa,West,Residential,6,956.46,0.15,4877.95
2024-05-12,Table,West,Commercial,10,1325.85,0.28,9546.12
2024-01-29,Sofa,West,Commercial,8,775.62,0.12,5460.36
2024-04-16,Chair,North,Residential,3,469.72,0.15,1197.79
2024-04-19,Bed,North,Commercial,2,537.02,0.02,1052.56
2024-09-28,Sofa,East,Residential,10,1464.5,0.08,13473.4
2024-12-10,Chair,East,Residential,8,1904.3,0.3,10664.08
2024-05-02,Chair,East,Residential,10,831.32,0.04,7980.67
2024-12-07,Table,West,Residential,2,743.57,0.19,1204.58
2024-02-15,Table,West,Residential,5,527.78,0.11,2348.62
2024-10-11,Bed,North,Residential,2,1304.57,0.29,1852.49
2024-11-12,Bed,East,Commercial,6,638.04,0.22,2986.03
2024-04-26,Table,East,Residential,6,921.47,0.06,5197.09
2024-06-03,Table,South,Residential,10,1333.59,0.18,10935.44
2024-08-18,Chair,South,Residential,3,770.74,0.07,2150.36
2024-03-22,Bed,North,Commercial,5,561.86,0.21,2219.35
2024-05-21,Chair,North,Commercial,9,824.6,0.23,5714.48
2024-04-16,Table,South,Residential,9,297.35,0.26,1980.35
2024-10-01,Table,East,Residential,4,1241.39,0.07,4617.97
2024-10-20,Chair,East,Commercial,1,1564.86,0.2,1251.89
2024-03-25,Bed,South,Commercial,3,1363.4,0.12,3599.38
2024-03-04,Sofa,North,Commercial,1,1701.36,0.24,1293.03
2024-05-28,Sofa,West,Commercial,9,1692.17,0.18,12488.21
2024-05-09,Bed,North,Commercial,3,679.94,0.23,1570.66
2024-04-05,Table,East,Commercial,4,1670.89,0.09,6082.04
2024-04-01,Sofa,North,Residential,4,814.79,0.11,2900.65
2024-03-07,Table,South,Residential,7,1299.67,0.25,6823.27
2024-10-12,Bed,South,Residential,5,1296.83,0.04,6224.78
2024-03-22,Chair,West,Residential,7,948.86,0.26,4915.09
2024-12-29,Table,South,Residential,8,403.97,0.18,2650.04
2024-03-31,Table,South,Commercial,9,1035.87,0.09,8483.78
2024-02-09,Table,North,Commercial,5,709.07,0.11,3155.36
2024-12-03,Chair,South,Commercial,3,453.54,0.29,966.04
2024-05-20,Chair,East,Residential,3,1964.89,0.16,4951.52
2024-12-05,Chair,North,Commercial,3,708.48,0.17,1764.12
2024-12-28,Table,East,Residential,4,1723.66,0.13,5998.34
2024-05-12,Chair,West,Residential,7,646.87,0.29,3214.94
2024-01-12,Chair,South,Commercial,8,1480.47,0.12,10422.51
2024-03-20,Sofa,North,Commercial,3,613.07,0.1,1655.29
2024-02-14,Sofa,North,Commercial,10,1144.21,0.13,9954.63
2024-02-14,Bed,North,Commercial,9,1452.82,0.3,9152.77
2024-06-23,Table,North,Commercial,3,666.45,0.2,1599.48
2024-05-15,Table,West,Commercial,7,546.11,0.19,3096.44
2024-08-05,Sofa,South,Commercial,7,625.89,0.26,3242.11
2024-07-07,Bed,North,Residential,7,383.18,0.14,2306.74
2024-02-04,Chair,South,Residential,6,1703.81,0.17,8484.97
2024-10-10,Sofa,North,Residential,2,831.8,0.02,1630.33
2024-04-27,Bed,South,Commercial,7,1151.16,0.04,7735.8
2024-06-02,Bed,West,Commercial,7,1585.36,0.07,10320.69
2024-05-23,Sofa,North,Residential,5,670.43,0.15,2849.33
2024-03-09,Chair,East,Residential,9,461.25,0.13,3611.59
2024-07-22,Bed,North,Residential,2,1124.64,0.02,2204.29
2024-08-24,Table,West,Commercial,6,994.06,0.29,4234.7
2024-08-15,Chair,West,Residential,1,1976.85,0.03,1917.54
2024-02-12,Table,North,Residential,9,1679.24,0.08,13904.11
2024-08-05,Chair,West,Commercial,7,1068.66,0.14,6433.33
2024-09-23,Bed,North,Residential,6,734.81,0.01,4364.77
2024-08-07,Table,North,Residential,3,401.83,0.16,1012.61
2024-05-30,Bed,East,Commercial,7,715.52,0.22,3906.74
2024-09-19,Table,South,Commercial,2,1781.42,0.2,2850.27
2024-02-28,Bed,South,Residential,9,768.47,0.19,5602.15
2024-01-06,Sofa,North,Residential,9,1507.58,0.09,12347.08
2024-01-07,Bed,West,Residential,3,355.53,0.07,991.93
2024-02-22,Chair,West,Commercial,3,1401.1,0.17,3488.74
2024-04-24,Sofa,South,Residential,8,1292.87,0.18,8481.23
2024-02-04,Sofa,South,Residential,2,1803.87,0.18,2958.35
2024-11-21,Table,North,Residential,6,1677.5,0.29,7146.15
2024-04-24,Chair,North,Residential,4,1565.48,0.22,4884.3
2024-03-08,Bed,South,Residential,4,1972.93,0.05,7497.13
2024-08-03,Sofa,West,Residential,8,1439.71,0.17,9559.67
2024-11-21,Bed,East,Residential,5,1642.04,0.14,7060.77
2024-11-02,Chair,South,Commercial,10,908.37,0.19,7357.8
2024-02-10,Sofa,North,Residential,9,298.13,0.06,2522.18
2024-08-22,Bed,South,Residential,1,1978.05,0.02,1938.49
2024-11-07,Chair,South,Residential,6,1269.88,0.24,5790.65
2024-06-17,Bed,West,Residential,3,390.51,0.09,1066.09
2024-12-25,Chair,West,Commercial,2,1875.32,0.21,2963.01
2024-09-29,Chair,North,Residential,1,1647.2,0.17,1367.18
2024-06-05,Sofa,East,Commercial,4,728.4,0.28,2097.79
2024-11-10,Chair,South,Commercial,2,259.88,0.17,431.4
2024-11-29,Bed,East,Commercial,9,1471.16,0.07,12313.61
2024-05-08,Chair,South,Commercial,8,1651.98,0.15,11233.46
2024-08-28,Bed,East,Commercial,8,612.73,0.19,3970.49
2024-11-24,Sofa,South,Residential,4,287.3,0.04,1103.23
2024-03-25,Table,West,Commercial,9,270.36,0.11,2165.58
2024-03-24,Sofa,East,Residential,8,1033.24,0.13,7191.35
2024-07-10,Chair,North,Commercial,5,1721.56,0.1,7747.02
2024-01-02,Bed,West,Residential,8,1958.67,0.28,11281.94
2024-07-20,Sofa,North,Residential,2,451.57,0.11,803.79
2024-09-30,Bed,West,Commercial,2,121.38,0.18,199.06
2024-02-03,Bed,South,Commercial,2,1946.79,0.27,2842.31
2024-04-10,Bed,West,Residential,6,1810.41,0.1,9776.21
2024-11-30,Chair,East,Commercial,4,1593.13,0.04,6117.62
2024-04-16,Table,North,Commercial,1,1317.25,0.0,1317.25
2024-04-19,Bed,South,Residential,10,419.76,0.03,4071.67
2024-07-15,Chair,East,Residential,5,1402.59,0.17,5820.75
2024-06-12,Sofa,West,Residential,5,1355.64,0.28,4880.3
2024-01-10,Table,South,Residential,8,1890.93,0.27,11043.03
2024-07-06,Bed,South,Commercial,1,1510.1,0.05,1434.59
2024-02-05,Table,West,Commercial,2,345.98,0.11,615.84
2024-09-16,Sofa,West,Residential,2,1556.73,0.12,2739.84
2024-03-13,Chair,East,Commercial,2,1139.81,0.1,2051.66
2024-02-25,Bed,West,Commercial,8,1389.15,0.03,10779.8
2024-05-25,Chair,East,Residential,6,434.43,0.27,1902.8
2024-09-05,Bed,West,Commercial,8,140.2,0.0,1121.6
2024-03-07,Bed,West,Residential,7,1625.14,0.13,9897.1
2024-02-23,Sofa,South,Residential,10,1350.89,0.1,12158.01
2024-12-19,Chair,East,Residential,1,1312.02,0.1,1180.82
2024-09-19,Chair,West,Commercial,4,174.43,0.17,579.11
2024-01-06,Table,West,Residential,6,1340.04,0.19,6512.59
2024-02-17,Sofa,North,Commercial,5,320.61,0.0,1603.05
2024-09-16,Bed,North,Commercial,4,1347.54,0.26,3988.72
2024-08-20,Chair,East,Commercial,1,324.68,0.02,318.19
2024-12-24,Bed,West,Residential,1,1493.96,0.09,1359.5
2024-12-31,Bed,West,Residential,5,745.27,0.25,2794.76
2024-08-08,Bed,West,Residential,1,1195.45,0.21,944.41
2024-06-30,Sofa,North,Residential,1,915.83,0.29,650.24
2024-01-31,Table,South,Residential,7,774.99,0.29,3851.7
2024-07-09,Sofa,East,Residential,8,397.82,0.09,2896.13
2024-04-19,Table,South,Commercial,1,304.32,0.25,228.24
2024-04-23,Bed,North,Commercial,10,240.64,0.04,2310.14
2024-02-10,Sofa,East,Residential,6,1951.48,0.07,10889.26
2024-11-26,Chair,East,Residential,3,382.9,0.26,850.04
2024-12-18,Sofa,East,Residential,4,556.2,0.19,1802.09
2024-04-17,Table,North,Commercial,4,1959.39,0.28,5643.04
2024-03-11,Table,North,Commercial,8,1518.77,0.14,10449.14
2024-06-02,Table,East,Commercial,10,657.69,0.14,5656.13
2024-11-03,Chair,North,Commercial,3,269.44,0.29,573.91
2024-03-04,Table,South,Commercial,3,666.93,0.25,1500.59
2024-03-28,Chair,South,Commercial,7,951.95,0.27,4864.46
2024-02-13,Bed,South,Residential,2,1198.32,0.28,1725.58
2024-08-29,Bed,North,Residential,2,1124.87,0.19,1822.29
2024-04-28,Chair,South,Commercial,4,953.89,0.02,3739.25
2024-10-19,Table,North,Residential,10,1811.2,0.1,16300.8
2024-04-07,Chair,East,Residential,10,1250.33,0.28,9002.38
2024-07-13,Bed,South,Residential,6,397.33,0.29,1692.63
2024-02-06,Table,East,Commercial,9,371.02,0.2,2671.34
2024-12-24,Sofa,South,Commercial,1,553.78,0.04,531.63
2024-03-14,Table,South,Commercial,5,176.08,0.22,686.71
2024-12-27,Table,East,Commercial,4,383.29,0.17,1272.52
2024-03-02,Bed,South,Commercial,4,1666.73,0.03,6466.91
2024-01-28,Sofa,East,Commercial,8,1533.01,0.26,9075.42
2024-10-07,Sofa,South,Commercial,9,471.36,0.17,3521.06
2024-01-24,Sofa,North,Residential,9,1297.56,0.3,8174.63
2024-07-10,Table,East,Residential,9,197.87,0.04,1709.6
2024-01-11,Table,North,Residential,2,1108.43,0.05,2106.02
2024-05-04,Bed,South,Residential,1,1298.46,0.22,1012.8
2024-06-28,Chair,West,Residential,4,658.17,0.06,2474.72
2024-12-03,Bed,East,Commercial,6,1589.36,0.18,7819.65
2024-12-30,Chair,East,Commercial,10,386.52,0.26,2860.25
2024-05-14,Bed,East,Commercial,10,1768.45,0.22,13793.91
2024-03-27,Chair,North,Commercial,9,656.68,0.09,5378.21
2024-05-23,Sofa,West,Residential,9,776.36,0.1,6288.52
2024-07-30,Sofa,East,Commercial,7,1000.17,0.23,5390.92
2024-08-21,Sofa,South,Residential,7,923.42,0.11,5752.91
2024-01-04,Table,South,Commercial,4,773.21,0.1,2783.56
2024-12-06,Bed,North,Residential,7,1297.41,0.21,7174.68
2024-09-10,Sofa,West,Commercial,7,1524.93,0.24,8112.63
2024-11-13,Chair,East,Residential,9,827.66,0.05,7076.49
2024-09-17,Table,West,Commercial,8,942.0,0.22,5878.08
2024-09-18,Sofa,West,Residential,7,487.46,0.22,2661.53
2024-03-17,Bed,North,Residential,9,1249.64,0.29,7985.2
2024-12-27,Sofa,West,Commercial,6,944.02,0.11,5041.07
2024-05-07,Table,East,Residential,7,446.15,0.08,2873.21
2024-05-14,Bed,South,Residential,5,156.8,0.02,768.32
2024-07-20,Table,East,Commercial,8,333.79,0.13,2323.18
2024-05-04,Chair,North,Commercial,3,1549.35,0.16,3904.36
2024-08-30,Chair,South,Commercial,2,1053.25,0.26,1558.81
2024-10-08,Table,East,Commercial,8,1778.0,0.05,13512.8
2024-06-02,Sofa,North,Residential,5,178.5,0.15,758.62
2024-07-12,Bed,East,Commercial,6,1510.3,0.05,8608.71
2024-12-17,Table,West,Commercial,7,1596.51,0.14,9610.99
2024-07-31,Sofa,North,Residential,10,1819.94,0.21,14377.53
2024-08-04,Chair,East,Commercial,9,866.55,0.16,6551.12
2024-12-22,Chair,South,Residential,7,518.28,0.27,2648.41
2024-02-02,Bed,South,Residential,8,180.07,0.18,1181.26
2024-09-05,Table,South,Commercial,5,219.24,0.02,1074.28
2024-05-12,Chair,West,Residential,10,662.84,0.19,5369.0
2024-11-28,Bed,South,Commercial,3,886.64,0.28,1915.14
2024-02-21,Chair,West,Commercial,10,1965.08,0.21,15524.13
2024-05-20,Table,West,Residential,9,1881.83,0.09,15412.19
2024-12-02,Table,North,Residential,4,579.01,0.12,2038.12
2024-10-21,Bed,South,Commercial,3,769.89,0.15,1963.22
2024-01-10,Chair,North,Residential,3,682.73,0.17,1700.0
2024-03-17,Chair,West,Residential,8,1410.28,0.06,10605.31
2024-03-03,Bed,East,Residential,1,121.27,0.28,87.31
2024-04-18,Table,West,Commercial,2,371.28,0.12,653.45
2024-04-09,Chair,North,Residential,6,1337.05,0.06,7540.96
2024-06-03,Chair,North,Residential,10,103.95,0.06,977.13
2024-01-05,Table,East,Commercial,10,598.73,0.16,5029.33
2024-04-22,Chair,North,Residential,6,1579.37,0.06,8907.65
2024-02-21,Bed,South,Residential,10,229.15,0.23,1764.46
2024-01-29,Chair,West,Residential,2,1738.26,0.19,2815.98
2024-06-09,Table,East,Residential,6,1027.1,0.06,5792.84
2024-07-21,Table,West,Commercial,3,414.06,0.04,1192.49
2024-06-01,Bed,West,Residential,10,369.6,0.11,3289.44
2024-09-17,Chair,South,Residential,8,1714.86,0.11,12209.8
2024-07-17,Table,South,Residential,6,985.28,0.08,5438.75
2024-10-30,Bed,West,Residential,3,663.48,0.03,1930.73
2024-12-20,Bed,West,Residential,4,973.67,0.01,3855.73
2024-01-03,Table,West,Commercial,2,969.82,0.16,1629.3
2024-01-29,Table,North,Residential,3,1899.06,0.1,5127.46
2024-12-06,Table,West,Commercial,5,309.92,0.14,1332.66
2024-04-28,Table,West,Commercial,4,1797.38,0.04,6901.94
2024-10-14,Table,South,Commercial,5,728.49,0.25,2731.84
2024-01-27,Table,East,Residential,9,409.9,0.07,3430.86
2024-03-26,Table,South,Commercial,1,1352.61,0.24,1027.98
2024-04-05,Chair,North,Residential,3,976.17,0.3,2049.96
2024-05-10,Sofa,East,Commercial,5,928.59,0.29,3296.49
2024-11-18,Sofa,South,Residential,9,1631.39,0.19,11892.83
2024-09-11,Chair,South,Residential,4,568.67,0.3,1592.28
2024-10-31,Chair,West,Commercial,6,1666.06,0.15,8496.91
2024-09-09,Chair,West,Residential,2,577.26,0.05,1096.79
2024-09-16,Chair,North,Residential,10,569.79,0.05,5413.0
2024-12-20,Sofa,West,Commercial,6,415.06,0.0,2490.36
2024-04-14,Sofa,South,Residential,9,342.46,0.16,2589.0
2024-06-27,Table,South,Residential,5,1970.6,0.09,8966.23
2024-06-22,Bed,North,Residential,7,266.16,0.19,1509.13
2024-12-26,Table,East,Commercial,7,213.21,0.04,1432.77
2024-09-17,Chair,West,Residential,10,766.96,0.04,7362.82
2024-12-13,Bed,West,Residential,7,1837.94,0.2,10292.46
2024-08-08,Bed,North,Commercial,7,1440.08,0.09,9173.31
2024-08-16,Bed,West,Commercial,8,1254.6,0.3,7025.76
2024-06-08,Table,West,Commercial,7,1973.65,0.22,10776.13
2024-12-28,Table,West,Residential,4,1545.18,0.07,5748.07
2024-11-14,Table,East,Commercial,7,445.65,0.17,2589.23
2024-05-09,Table,North,Commercial,4,533.32,0.27,1557.29
2024-03-31,Table,South,Residential,6,1624.58,0.1,8772.73
2024-02-20,Sofa,East,Commercial,2,817.02,0.04,1568.68
2024-08-18,Sofa,West,Commercial,2,150.05,0.11,267.09
2024-03-15,Sofa,West,Commercial,1,1033.08,0.07,960.76
2024-08-13,Chair,East,Residential,8,1706.68,0.04,13107.3
2024-05-11,Bed,East,Commercial,9,1206.72,0.23,8362.57
2024-04-27,Chair,North,Commercial,6,290.36,0.1,1567.94
2024-01-22,Bed,North,Commercial,3,1541.6,0.25,3468.6
2024-07-21,Chair,South,Residential,7,1297.91,0.28,6541.47
2024-02-12,Sofa,East,Commercial,9,1262.67,0.05,10795.83
2024-02-15,Chair,East,Commercial,9,343.24,0.08,2842.03
2024-11-09,Chair,East,Residential,8,690.06,0.19,4471.59
2024-12-14,Bed,South,Residential,4,1150.46,0.03,4463.78
2024-05-02,Bed,West,Residential,1,730.51,0.01,723.2
2024-09-08,Bed,West,Residential,9,1007.27,0.08,8340.2
2024-01-29,Table,East,Commercial,7,1451.54,0.14,8738.27
2024-10-20,Bed,North,Commercial,10,1375.02,0.0,13750.2
2024-01-31,Bed,North,Commercial,1,1215.54,0.19,984.59
2024-07-09,Bed,West,Commercial,3,814.03,0.17,2026.93
2024-09-22,Sofa,East,Commercial,8,424.23,0.1,3054.46
2024-01-16,Table,North,Residential,2,778.25,0.22,1214.07
2024-03-07,Table,West,Commercial,3,1353.2,0.14,3491.26
2024-06-21,Bed,North,Residential,1,835.7,0.21,660.2
2024-10-13,Table,South,Residential,8,183.71,0.23,1131.65
2024-01-02,Bed,East,Residential,10,1787.84,0.19,14481.5
